Duration,director_facebook_likes,Actor_power,IMDB,Budget,Worldwide_sales,Age_rank,FB_likes,distributor_share_percent,Theater_num,Reviews,year,id,is_rereleased,Season,worldwide_gross_income_group,Action,Adventure,Animation,Biography,Comedy,Crime,Drama,Family,Fantasy,History,Horror,Mystery,Romance,Sci-Fi,Sport,Thriller,Music/Musical,title,re_income1,re_income2,re_income3,re_year1,re_year2,re_year3,worldwide_gross_income_group2
0.3397479778863066,0.5295218441540062,0.6395109384222796,0.6438356164383561,0.4940534566721286,0.3989771821891172,0.9411764705882352,0.3317530228885554,0.0,0.13217753414846306,3.756679610828472,2010,tt0126261,0,2,비흥행,0,0,0,0,0,0,1,0,0,0,0,0,0,0,0,0,0,Desert Blue,0.0,0.0,0.0,0.0,0.0,0.0,비흥행
0.3502734144614421,0.2387569156788683,0.6365669217383757,0.0,0.8455700381661093,0.4094114672677209,0.0,0.0,0.0,0.4547619908265743,4.504555375379736,2013,tt0249516,0,4,비흥행,1,1,1,0,0,0,0,0,0,0,0,0,0,0,0,0,0,Foodfight!,0.0,0.0,0.0,0.0,0.0,0.0,비흥행
0.3912492941650956,0.2627692691446544,0.5606449016817681,0.5068493150684932,0.40463858453644,0.549584179084225,0.0,0.4711898908640437,0.0,0.5450949013344952,4.785578521428744,2016,tt0295725,1,4,비흥행,0,0,0,0,0,0,1,0,1,0,0,0,0,1,0,0,0,Time Changer,0.5129371944661387,0.0,0.0,2016.0,0.0,0.0,재개봉
0.6450110198781176,0.5165047237419621,0.8259481426559879,0.6301369863013697,0.7490877191892211,0.6668806819175017,0.9411764705882352,0.7994774186114058,0.0,0.6927288111198546,5.439909029729948,2012,tt0337692,0,3,비흥행,0,1,0,0,0,0,1,0,0,0,0,0,1,0,0,0,0,On the Road,0.0,0.0,0.0,0.0,0.0,0.0,비흥행
0.5649182925023308,0.0,0.6761815013920669,0.7945205479452053,0.8784294120693255,0.841570251690937,0.0,0.8741206274418606,0.7345393038817687,0.8696692113516203,6.306626905261,2013,tt0359950,0,4,일반흥행,0,0,0,0,1,0,1,0,1,0,0,0,0,0,0,0,0,I sogni segreti di Walter Mitty,0.0,0.0,0.0,0.0,0.0,0.0,일반흥행
0.5732374922647909,0.5365864636288321,0.6186980737152251,0.5616438356164384,0.7040240888003353,0.7399041802787568,0.7058823529411764,0.0,0.8743462315509903,0.7808648427595579,5.996246430859733,2010,tt0362478,1,2,비흥행,0,0,0,0,0,0,1,0,1,0,0,1,0,0,0,0,0,The Box,0.3337488297398513,0.0,0.0,2011.0,0.0,0.0,재개봉
0.5649182925023308,0.4244323392743684,0.7639458705019284,0.6849315068493151,0.7605310299124202,0.7732810278568791,0.9411764705882352,0.7534228371588289,0.0,0.8117091115286337,5.630929753571457,2014,tt0365907,0,3,비흥행,1,0,0,0,0,1,1,0,0,0,0,0,0,0,0,0,0,La preda perfetta,0.0,0.0,0.0,0.0,0.0,0.0,비흥행
0.6450110198781176,0.587449047897481,0.7163319314986241,0.7534246575342465,0.9300097892905981,0.969854737382596,0.7058823529411764,0.9338362406075832,1.0,0.9630297105284054,6.997499341211202,2015,tt0369610,1,2,최고흥행,1,1,0,0,0,0,0,0,0,0,0,0,0,1,0,0,0,Jurassic World,0.3453087810739703,0.0,0.0,2020.0,0.0,0.0,재개봉
0.7259706518481335,0.0,0.6155526430834132,0.7123287671232876,0.8455700381661093,0.8005709939127218,0.7058823529411764,0.7584795945778731,0.0,0.8040264171496236,6.283147210675256,2010,tt0380510,0,4,비흥행,0,0,0,0,0,0,1,0,1,0,0,0,0,0,0,1,0,Amabili resti,0.0,0.0,0.0,0.0,0.0,0.0,비흥행
0.6450110198781176,0.0,0.8013285905576185,0.8356164383561644,0.7314824678855902,0.624294849946354,0.9411764705882352,0.7422105217850539,0.0,0.5695778363851228,5.782412468752835,2014,tt0383028,1,2,비흥행,0,0,0,0,0,0,1,0,0,0,0,0,0,0,0,0,0,"Synecdoche, New York",0.6262656133108838,0.0,0.0,2014.0,0.0,0.0,재개봉
0.4401083277009383,0.2696388457216287,0.6035196391348561,0.8493150684931507,0.9855504595849136,0.9089612882667272,0.0,0.8050764103438577,0.0,0.9527761061360944,6.104849186361947,2010,tt0398286,0,3,대흥행,0,1,1,0,1,0,0,0,0,0,0,0,0,0,0,0,0,Rapunzel: L'intreccio della torre,0.0,0.0,0.0,0.0,0.0,0.0,대흥행
0.7045643056418265,0.6136773568313193,0.5969094794387416,0.6986301369863013,0.9869772763773572,0.8657925035550712,0.7058823529411764,0.7902488179416849,0.0,0.8890558914159891,6.566924918432841,2012,tt0401729,0,1,일반흥행,1,1,0,0,0,0,0,0,0,0,0,0,0,1,0,0,0,John Carter,0.0,0.0,0.0,0.0,0.0,0.0,일반흥행
0.3397479778863066,0.3767893684046816,0.7668494732798802,0.6712328767123288,0.715917175456078,0.7088591898600779,0.9411764705882352,0.0,0.0,0.7410016841346391,5.197854672004299,2010,tt0403702,0,4,비흥행,0,0,0,0,1,0,1,0,0,0,0,0,1,0,0,0,0,Youth in Revolt,0.0,0.0,0.0,0.0,0.0,0.0,비흥행
0.3709816717262506,0.4876748110691214,0.6501503722230645,0.5753424657534247,0.4650048946452989,0.4418113188372835,0.9411764705882352,0.0,0.0,0.4250991621044276,5.621516647691065,2010,tt0422401,0,1,비흥행,0,0,0,0,1,0,0,0,0,0,1,0,0,0,0,1,0,Hatchet,0.0,0.0,0.0,0.0,0.0,0.0,비흥행
0.3606838166402021,0.33865507208453544,0.6148138786034695,0.6027397260273972,0.6905408192030176,0.795203089994006,0.7058823529411764,0.7632296880219659,0.0,0.8429915908424427,5.6043237901970855,2012,tt0431021,0,3,비흥행,0,0,0,0,0,0,0,0,0,0,1,1,0,0,0,1,0,The Possession,0.0,0.0,0.0,0.0,0.0,0.0,비흥행
0.3074553152679891,0.0,0.8014502088917421,0.8767123287671232,0.7965461147041804,0.759424703189085,0.0,0.7534228371588289,0.8200504275633248,0.7797103609347759,5.914991318142412,2010,tt0432283,1,1,비흥행,0,1,1,0,1,0,0,0,0,0,0,0,0,0,0,0,0,Fantastic Mr. Fox,0.380067739990685,0.0,0.0,2020.0,0.0,0.0,재개봉
0.6677820401259242,0.5219174349612176,0.7929653598186434,0.7671232876712328,0.8986920412085686,0.8688401506516269,0.7058823529411764,0.8220180413054966,0.0,0.9047572440120052,6.089135665220919,2011,tt0433035,0,3,일반흥행,1,0,0,0,0,0,1,0,0,0,0,0,0,1,0,0,0,Real Steel,0.0,0.0,0.0,0.0,0.0,0.0,일반흥행
0.420864394042018,0.3540037577768866,0.4152256514456797,0.6712328767123288,0.726555903994778,0.7653646065768843,0.9411764705882352,0.0,0.5168228843388837,0.7634379139498023,5.846691348519932,2010,tt0433362,1,1,비흥행,1,0,0,0,0,0,0,0,1,0,1,0,0,0,0,0,0,Daybreakers - L'ultimo vampiro,0.3397095975068539,0.0,0.0,2011.0,0.0,0.0,재개봉
0.41109464359778203,0.5148218211304948,0.8312083132716716,0.6849315068493151,0.7490877191892211,0.7808990423669279,0.7058823529411764,0.8593862564017603,0.0,0.8484818293875455,5.726833027860843,2014,tt0435651,0,3,비흥행,0,0,0,0,0,0,1,0,0,0,0,0,1,1,0,0,0,The Giver - Il mondo di Jonas,0.0,0.0,0.0,0.0,0.0,0.0,비흥행
0.4682643377065943,0.4807521449854165,0.7807964048837766,0.9315068493150688,0.9590583513174276,0.9435217930372942,0.0,0.8077326832167313,0.0,0.9525125588990488,6.558175786418194,2010,tt0435761,0,2,최고흥행,0,1,1,0,1,0,0,0,0,0,0,0,0,0,0,0,0,Toy Story 3 - La grande fuga,0.0,0.0,0.0,0.0,0.0,0.0,최고흥행
0.8263310016627634,0.9505700932187908,0.8038038212508769,0.7945205479452053,0.8455700381661093,0.8639345465395892,0.7058823529411764,0.8752320297015921,0.0,0.9068102308146871,6.5507064185120045,2013,tt0443272,0,4,일반흥행,0,0,0,1,0,0,1,0,0,1,0,0,0,0,0,0,0,Lincoln,0.0,0.0,0.0,0.0,0.0,0.0,일반흥행
0.5480586963037344,0.6878008240741365,0.7484509012178808,0.821917808219178,0.8374877633867528,0.7609124830376841,0.7058823529411764,0.8220180413054966,0.6668318043622341,0.7850203473359499,6.353538925933533,2010,tt0446029,1,3,비흥행,1,0,0,0,1,0,0,0,1,0,0,0,0,0,0,0,0,Scott Pilgrim vs. the World,0.0,0.0,0.0,2020.0,0.0,0.0,재개봉
0.3397479778863066,0.3895176563531843,0.6754159809516885,0.6986301369863013,0.915560248875512,0.9051227006418682,0.0,0.7584795945778731,0.0,0.94816621806457,5.460467376729807,2011,tt0448694,0,4,대흥행,0,1,1,0,1,0,0,0,0,0,0,0,0,0,0,0,0,Il gatto con gli stivali,0.0,0.0,0.0,0.0,0.0,0.0,대흥행
0.6058062140990805,0.43631562044676536,0.7864736365899441,0.5890410958904109,0.7965461147041804,0.7495635218454465,0.7058823529411764,0.0,0.6668318043622341,0.7413181262630433,5.345031955353796,2010,tt0450405,0,1,비흥행,1,1,0,0,0,0,0,0,1,0,0,0,0,0,0,0,0,Aiuto vampiro,0.0,0.0,0.0,0.0,0.0,0.0,비흥행
0.6752529985654516,0.5461177616138772,0.7712162551786846,0.821917808219178,0.7965461147041804,0.8029381246319137,0.7058823529411764,0.8023269161089115,0.8887627994774018,0.8246455522212016,5.588763766396493,2013,tt0453562,0,1,비흥행,0,0,0,1,0,0,1,0,0,0,0,0,0,0,1,0,0,42 - La vera storia di una leggenda americana,0.0,0.0,0.0,0.0,0.0,0.0,비흥행
0.6677820401259242,0.0,0.606759583496275,0.8767123287671232,0.9074779740961548,0.9105803142008316,0.0,0.9176474882170608,0.0,0.8795903496179398,6.640864250293598,2012,tt0454876,0,4,대흥행,0,1,0,0,0,0,1,0,1,0,0,0,0,0,0,0,0,Vita di Pi,0.0,0.0,0.0,0.0,0.0,0.0,대흥행
0.4495864389170827,0.3721573998711443,0.6231633988064527,0.6849315068493151,0.726555903994778,0.7691151582938706,0.9411764705882352,0.0,0.0,0.8078061667735562,5.828784425575758,2010,tt0455407,0,1,비흥행,0,0,0,0,0,0,0,0,0,0,1,0,0,0,0,1,0,La città verrà distrutta all'alba,0.0,0.0,0.0,0.0,0.0,0.0,비흥행
0.7045643056418265,0.671031485454171,0.8345228232692082,0.7808219178082192,0.8287018304991665,0.8428665454844692,0.9411764705882352,0.8566367621668142,0.0,0.8843833796200565,6.202864256617311,2014,tt0455944,0,3,일반흥행,1,0,0,0,0,1,0,0,0,0,0,0,0,0,0,1,0,The Equalizer - Il vendicatore,0.0,0.0,0.0,0.0,0.0,0.0,일반흥행
0.6450110198781176,0.5950614800843125,0.7835536942722581,0.7397260273972603,0.9230432665256671,0.8813944682378482,0.7058823529411764,0.8412240098710064,0.7726451780249735,0.8426445748436956,6.5952794651320765,2011,tt0458339,0,2,일반흥행,1,1,0,0,0,0,0,0,0,0,0,0,0,1,0,0,0,Captain America - Il primo Vendicatore,0.0,0.0,0.0,0.0,0.0,0.0,일반흥행
0.4589711682089299,0.6051469941504941,0.8561866708169953,0.6849315068493151,0.8455700381661093,0.7497370532172142,0.9411764705882352,0.8127894406357757,0.0,0.8275561006814995,5.828784425575758,2014,tt0458481,0,3,비흥행,1,0,0,0,0,1,0,0,0,0,0,0,0,0,0,1,0,Sin City - Una donna per cui uccidere,0.0,0.0,0.0,0.0,0.0,0.0,비흥행
0.3183416316800014,0.5234854889039298,0.6855824958320587,0.5342465753424657,0.7449657374829077,0.7936298163490066,0.9411764705882352,0.7422105217850539,0.029536655619628118,0.8151060673671292,6.050986724008503,2011,tt0464154,0,1,비흥행,0,0,0,0,1,0,0,0,0,0,1,0,0,0,0,0,0,Piranha 3D,0.0,0.0,0.0,0.0,0.0,0.0,비흥행
0.8263310016627634,0.3895176563531843,0.7597820736889423,0.6712328767123288,0.6905408192030176,0.5003474290075312,0.9411764705882352,0.0,0.05650150955662282,0.4591683014490595,5.007461019040772,2012,tt0466893,0,2,비흥행,0,0,0,0,0,0,1,0,0,0,0,0,0,0,0,0,0,Margaret,0.0,0.0,0.0,0.0,0.0,0.0,비흥행
0.5134169762235437,0.5423281951151431,0.4803435107169781,0.8493150684931507,0.6975073419679485,0.7458258513852521,0.9411764705882352,0.908819259116407,0.0,0.795855553221119,6.5861443711309375,2015,tt0470752,0,2,비흥행,0,0,0,0,0,0,1,0,0,0,0,0,0,1,0,1,0,Ex Machina,0.0,0.0,0.0,0.0,0.0,0.0,비흥행
0.4774677167231594,0.6014243412291898,0.6522810850290524,0.6438356164383561,0.8600195785811957,0.8293997922826243,0.7058823529411764,0.0,0.7568841380367053,0.8742834272565213,5.566924918432841,2011,tt0471042,0,3,일반흥행,1,0,0,0,1,1,0,0,0,0,0,0,0,0,0,0,0,Tower Heist - Colpo ad alto livello,0.0,0.0,0.0,0.0,0.0,0.0,일반흥행
0.4682643377065943,0.4186585847062148,0.5180341269437377,0.5342465753424657,0.8986920412085686,0.9060429256189734,0.0,0.810301849304003,0.0,0.8790109876351017,5.311073612817832,2011,tt0472181,0,3,대흥행,0,1,1,0,1,0,0,0,0,0,0,0,0,0,0,0,0,I Puffi,0.0,0.0,0.0,0.0,0.0,0.0,대흥행
0.3709816717262506,0.508395761400497,0.8106886770672087,0.6986301369863013,0.7965461147041804,0.7884212003092085,0.9411764705882352,0.7584795945778731,0.0,0.8105788154955201,5.5867999269580695,2011,tt0472399,0,2,비흥행,1,0,0,0,0,0,0,0,0,0,0,0,0,0,0,1,0,Professione assassino,0.0,0.0,0.0,0.0,0.0,0.0,비흥행
0.5814846634198559,0.5165047237419621,0.7675639491402855,0.6986301369863013,0.9590583513174276,0.8757052176608914,0.7058823529411764,0.7869141638131039,0.0,0.9123762310326152,6.065044752110662,2010,tt0473075,0,1,일반흥행,1,1,0,0,0,0,0,0,1,0,0,0,0,0,0,0,0,Prince of Persia - Le sabbie del tempo,0.0,0.0,0.0,0.0,0.0,0.0,일반흥행
0.5977678345975099,0.3895176563531843,0.6621884789238924,0.7397260273972603,0.6790975084798188,0.6135384262426302,0.0,0.0,0.0,0.6319510905000488,3.9299470414358537,2010,tt0473102,0,1,비흥행,0,0,0,0,1,0,1,1,0,0,0,0,0,0,0,0,0,La partita perfetta,0.0,0.0,0.0,0.0,0.0,0.0,비흥행
0.4956119285150282,0.6878008240741365,0.8363737135844023,0.6575342465753424,0.7361798045953214,0.7779006786850283,0.7058823529411764,0.7869141638131039,0.787643281727563,0.8161483619531048,6.163038128872079,2016,tt0475290,0,1,비흥행,0,0,0,0,1,0,1,0,0,0,0,0,0,0,0,0,1,"Ave, Cesare!",0.0,0.0,0.0,0.0,0.0,0.0,비흥행
0.420864394042018,0.9352214075264396,0.8046161011403659,0.726027397260274,0.8890681406080256,0.8348527692596054,0.7058823529411764,0.7677081952475941,0.8200504275633248,0.8452914924964622,5.945986914220438,2010,tt0477080,0,3,일반흥행,1,0,0,0,0,0,0,0,0,0,0,0,0,0,0,1,0,Unstoppable - Fuori controllo,0.0,0.0,0.0,0.0,0.0,0.0,일반흥행
0.6826658166614412,0.5789092997013536,0.7647987250849001,0.7397260273972603,0.7965461147041804,0.7695860346285659,0.7058823529411764,0.8282895912067683,0.8473813776139956,0.8058278686682805,5.910869473091654,2012,tt0477302,0,1,비흥행,0,1,0,0,0,0,1,0,0,0,0,1,0,0,0,0,0,"Molto forte, incredibilmente vicino",0.0,0.0,0.0,0.0,0.0,0.0,비흥행
0.7537840823435187,0.0,0.7505093531356065,0.726027397260274,0.7740142995097377,0.7728549794040801,0.7058823529411764,0.8282895912067683,0.0,0.7781117407371353,6.761560261806704,2011,tt0478304,0,1,비흥행,0,0,0,0,0,0,1,0,1,0,0,0,0,0,0,0,0,The Tree of Life,0.0,0.0,0.0,0.0,0.0,0.0,비흥행
0.5896610425331184,0.5436074765354004,0.6854857824889934,0.7945205479452053,0.915560248875512,0.9012194896306379,0.7058823529411764,0.8633376421591583,0.0,0.8748212736974028,6.485712170713991,2015,tt0478970,0,2,대흥행,1,1,0,0,1,0,0,0,0,0,0,0,0,0,0,0,0,Ant-Man,0.0,0.0,0.0,0.0,0.0,0.0,대흥행
0.4956119285150282,0.5540557774794029,0.8200485942531303,0.6575342465753424,0.6565656932853758,0.3872226509356828,0.9411764705882352,0.4997659282779903,0.0,0.3971870004857037,4.270248868157706,2010,tt0479341,1,4,비흥행,0,0,0,0,0,0,1,0,0,0,0,0,0,0,0,0,0,Adam Resurrected,0.5082940186963805,0.0,0.0,2012.0,0.0,0.0,재개봉
0.41109464359778203,0.369758021901766,0.7494066578322929,0.6575342465753424,0.7490877191892211,0.7325215147034277,0.7058823529411764,0.0,0.8743462315509903,0.7708441795391497,5.530018272828588,2010,tt0480255,0,2,비흥행,1,1,0,0,0,1,0,0,0,0,0,0,0,0,0,0,0,The Losers,0.0,0.0,0.0,0.0,0.0,0.0,비흥행
0.4865830237764564,0.4595246308657022,0.6439769735724419,0.5890410958904109,0.7859073861654801,0.7956900158189278,0.9411764705882352,0.7216536137950171,0.0,0.8381010137855692,5.478359632944581,2011,tt0480687,0,2,비흥행,0,0,0,0,1,0,0,0,0,0,0,0,1,0,0,0,0,Libera uscita,0.0,0.0,0.0,0.0,0.0,0.0,비흥행
0.420864394042018,0.2760649054516266,0.845667776567525,0.7808219178082192,0.919371060751898,0.9084376825556892,0.0,0.8023269161089115,0.0,0.9626299475467934,5.649468871542845,2013,tt0481499,0,1,대흥행,1,1,1,0,0,0,0,0,0,0,0,0,0,0,0,0,0,I Croods,0.0,0.0,0.0,0.0,0.0,0.0,대흥행
0.3502734144614421,0.3621921532039483,0.6272463366044041,0.7808219178082192,0.5446190059552445,0.6802898820305914,0.7058823529411764,0.0,0.0,0.6811614297538313,4.981075425895448,2010,tt0482463,0,4,비흥행,0,0,0,0,0,0,1,0,0,0,0,0,1,0,0,0,0,Bella,0.0,0.0,0.0,0.0,0.0,0.0,비흥행
0.6526620033255282,0.4941473009083843,0.6648517296282699,0.6027397260273972,0.8340645701433784,0.7641505281593758,0.7058823529411764,0.0,0.7073110412385742,0.7780865137304771,5.556822270590167,2012,tt0485985,0,4,비흥행,1,0,0,0,0,0,1,0,0,1,0,0,0,0,0,0,0,Red Tails,0.0,0.0,0.0,0.0,0.0,0.0,비흥행
0.3397479778863066,0.48388844734207204,0.6085688167356152,0.547945205479452,0.3950146839358968,0.5717525401687192,0.9411764705882352,0.5955500564041654,0.0,0.4064244257883342,5.432951753362834,2013,tt0490076,1,3,비흥행,0,0,0,0,0,0,0,0,0,0,1,0,0,0,0,0,0,All the Boys Love Mandy Lane,0.0,0.0,0.0,2013.0,0.0,0.0,재개봉
0.5480586963037344,0.3721573998711443,0.6155860601377904,0.6027397260273972,0.7830628451068629,0.7792264698616097,0.7058823529411764,0.7422105217850539,0.0,0.8270850633470408,5.224584661380228,2011,tt0491152,0,1,비흥행,0,0,0,0,1,0,1,0,0,0,0,0,1,0,0,0,0,Something Borrowed - L'amore non ha regole,0.0,0.0,0.0,0.0,0.0,0.0,비흥행
0.3606838166402021,0.2760649054516266,0.6933368458867807,0.3150684931506849,0.7830628451068629,0.7449954821923191,0.0,0.0,0.5283019864409019,0.8202391852493152,4.799691040190719,2010,tt0492389,1,1,비흥행,0,0,0,0,1,0,0,1,0,0,0,0,0,0,0,0,0,Puzzole alla riscossa,0.5707772650549761,0.0,0.0,2013.0,0.0,0.0,재개봉
0.4774677167231594,0.2982831677209521,0.5473569783999284,0.6849315068493151,0.6975073419679485,0.7281590979703368,0.0,0.0,0.0,0.7576278566840304,4.471691183876938,2010,tt0493949,0,2,비흥행,0,0,0,0,1,0,1,1,0,0,0,0,0,0,0,0,0,Ramona and Beezus,0.0,0.0,0.0,0.0,0.0,0.0,비흥행
0.8996396501853687,0.0,0.6720159435296714,0.8630136986301369,0.9761980481854899,1.0,0.7058823529411764,0.8152004784240094,0.8200504275633248,0.9130387180864163,7.586362942203338,2010,tt0499549,1,4,최고흥행,1,1,0,0,0,0,0,0,1,0,0,0,0,0,0,0,0,Avatar,0.9100640246907412,0.8524109420616727,0.2703877802112073,2010.0,2011.0,2020.0,재개봉
0.5480586963037344,0.5914590945619939,0.8199296506998771,0.7123287671232876,0.7674975526773504,0.8060768799206447,0.9411764705882352,0.7902488179416849,0.0,0.8474582984648394,5.598519907239425,2011,tt0758752,0,4,비흥행,0,0,0,0,1,0,1,0,0,0,0,0,1,0,0,0,0,Amore & altri rimedi,0.0,0.0,0.0,0.0,0.0,0.0,비흥행
0.3502734144614421,0.38545303617811655,0.4279737707664305,0.6027397260273972,0.7965461147041804,0.7215702047307871,0.7058823529411764,0.0,0.2961133065778556,0.7487579899526257,4.756679610828472,2012,tt0763831,0,1,비흥행,0,0,0,0,1,0,1,0,0,0,0,0,0,0,0,0,0,Una bugia di troppo,0.0,0.0,0.0,0.0,0.0,0.0,비흥행
0.3291049362344069,0.19375304278174774,0.6432263360221883,0.6027397260273972,0.7965461147041804,0.7874949528476133,0.0,0.0,0.0,0.8678182354696095,4.471691183876938,2016,tt0765446,1,1,비흥행,0,1,1,0,1,0,0,0,0,0,0,0,0,0,0,0,0,Fuga dal pianeta Terra,0.657320855814761,0.0,0.0,2016.0,0.0,0.0,재개봉
0.4956119285150282,0.2982831677209521,0.7653958522828187,0.6301369863013697,0.726555903994778,0.7345415846411602,0.9411764705882352,0.0,0.0,0.8022644866739082,5.0545216380691365,2011,tt0770703,0,3,비흥행,0,0,0,0,1,0,0,0,0,0,0,0,1,0,0,0,0,(S)ex list,0.0,0.0,0.0,0.0,0.0,0.0,비흥행
0.7808083719514012,0.0,0.7864427218615252,0.7534246575342465,0.9709514379731704,0.9160150707444302,0.7058823529411764,0.9150354948285976,0.8887627994774018,1.0,7.430620793762177,2013,tt0770828,0,2,대흥행,1,1,0,0,0,0,0,0,0,0,0,0,0,1,0,0,0,L'uomo d'acciaio,0.0,0.0,0.0,0.0,0.0,0.0,대흥행
0.4401083277009383,0.0,0.8273210964905822,0.8630136986301369,0.6975073419679485,0.7890708689757596,0.9411764705882352,0.8855564880331199,0.10427285520865018,0.8263593867452613,7.010346090320214,2011,tt0780504,1,3,비흥행,0,0,0,0,0,1,1,0,0,0,0,0,0,0,0,0,0,Drive,0.6323796266794723,0.0,0.0,2020.0,0.0,0.0,재개봉
0.4401083277009383,0.3934228379553295,0.7969735498360211,0.7671232876712328,0.7314824678855902,0.6983906630592812,0.7058823529411764,0.7216536137950171,0.0,0.7417414344030718,5.1703159227386415,2010,tt0780511,0,3,비흥행,0,0,0,0,0,0,1,0,0,0,0,0,0,0,0,0,0,Stanno tutti bene - Everybody's Fine,0.0,0.0,0.0,0.0,0.0,0.0,비흥행
0.4682643377065943,0.5950614800843125,0.7508129527952382,0.5890410958904109,0.9300097892905981,0.8241216608997336,0.9411764705882352,0.0,0.6668318043622341,0.8602245666169559,6.113708032215593,2010,tt0780653,0,4,비흥행,0,0,0,0,0,0,1,0,1,0,1,0,0,0,0,0,0,Wolfman,0.0,0.0,0.0,0.0,0.0,0.0,비흥행
0.420864394042018,0.0,0.3879829979906145,0.6438356164383561,1.0,0.6625680875632787,0.9411764705882352,0.0,0.0,0.6446696702218772,4.780825303177852,2010,tt0785035,0,4,비흥행,1,0,0,0,0,0,0,0,0,0,0,0,0,0,0,0,0,Ong Bak 2 - La nascita del dragone,0.0,0.0,0.0,0.0,0.0,0.0,비흥행
0.4012236504135847,0.19375304278174774,0.6381154801692742,0.726027397260274,0.8374877633867528,0.8091033439427927,0.0,0.7291214090022952,0.029536655619628118,0.8332461865333034,5.362805670932773,2014,tt0787474,0,3,비흥행,0,1,1,0,1,0,0,0,0,0,0,0,0,0,0,0,0,Boxtrolls - Le scatole magiche,0.0,0.0,0.0,0.0,0.0,0.0,비흥행
0.4401083277009383,0.3540037577768866,0.8219697667061989,0.6027397260273972,0.7674975526773504,0.7284685252550626,0.7058823529411764,0.7422105217850539,0.0,0.776055756877087,5.5362742371561815,2013,tt0790628,0,1,비흥행,0,0,0,0,1,0,0,0,0,0,0,0,0,0,0,0,0,L'incredibile Burt Wonderstone,0.0,0.0,0.0,0.0,0.0,0.0,비흥행
0.5896610425331184,0.5333519074066703,0.774998376087749,0.8904109589041096,0.5865754825759737,0.7701034110153947,0.9411764705882352,0.8683140791759058,0.0,0.8119266321068503,6.1785627671603285,2014,tt0790636,0,4,비흥행,0,0,0,1,0,0,1,0,0,0,0,0,0,0,0,0,0,Dallas Buyers Club,0.0,0.0,0.0,0.0,0.0,0.0,비흥행
0.5565257948814968,0.3621921532039483,0.7588238584163871,0.7671232876712328,0.6130675908434602,0.561345004680937,0.9411764705882352,0.0,0.0,0.5678827817082154,5.2275067801871655,2010,tt0790712,0,1,비흥행,0,0,0,0,0,0,1,0,0,0,0,0,1,0,0,0,0,Oltre le regole - The Messenger,0.0,0.0,0.0,0.0,0.0,0.0,비흥행
0.6900213923477492,0.5213892142660749,0.7687132143830931,0.7534246575342465,0.8374877633867528,0.8503180287713151,0.7058823529411764,0.8262543457244154,0.6704145069721894,0.8895444116306608,6.209831676734022,2013,tt0790724,0,4,일반흥행,1,0,0,0,0,0,0,0,0,0,0,0,0,0,0,1,0,Jack Reacher - La prova decisiva,0.0,0.0,0.0,0.0,0.0,0.0,일반흥행
0.4012236504135847,0.4799523867297509,0.8206130330783737,0.5616438356164384,0.915560248875512,0.7900904003369092,0.7058823529411764,0.7759634598529196,0.82871953338001,0.8247564011377991,5.584831841377016,2013,tt0790736,0,3,비흥행,1,1,0,0,1,0,0,0,0,0,0,0,0,0,0,0,0,R.I.P.D. - Poliziotti dall'aldilà,0.0,0.0,0.0,0.0,0.0,0.0,비흥행
0.5221962302417649,0.3077731420417749,0.7657830901246815,0.6438356164383561,0.7568588241386505,0.7300584674604472,0.9411764705882352,0.0,0.0,0.7577491482723603,5.504555375379736,2010,tt0795351,0,3,비흥행,0,0,0,0,0,0,0,0,0,0,1,1,0,0,0,1,0,Case 39,0.0,0.0,0.0,0.0,0.0,0.0,비흥행
0.3183416316800014,0.4502316286516769,0.8272795597769738,0.273972602739726,0.726555903994778,0.7901312819440905,0.7058823529411764,0.7422105217850539,0.0,0.8439786968972003,5.367820775777131,2013,tt0795461,0,1,비흥행,0,0,0,0,1,0,0,0,0,0,1,0,0,0,0,0,0,Scary Movie 5,0.0,0.0,0.0,0.0,0.0,0.0,비흥행
0.4956119285150282,0.5517401064233317,0.7761730714312023,0.5890410958904109,0.9115999558024686,0.8981905043305732,0.7058823529411764,0.7534228371588289,0.8743462315509903,0.9136680710851676,6.311073612817832,2010,tt0800320,0,1,대흥행,1,1,0,0,0,0,0,0,1,0,0,0,0,0,0,0,0,Scontro tra titani,0.0,0.0,0.0,0.0,0.0,0.0,대흥행
0.5732374922647909,0.0,0.871610584279183,0.7534246575342465,0.9300097892905981,0.8927155489083557,0.7058823529411764,0.8658653628365349,0.7726451780249735,0.8537309439794906,6.6151867249171925,2011,tt0800369,0,1,대흥행,1,1,0,0,0,0,0,0,1,0,0,0,0,0,0,0,0,Thor,0.0,0.0,0.0,0.0,0.0,0.0,대흥행
0.3606838166402021,0.3205014299902776,0.5647482052451942,0.8082191780821919,0.6401554207792872,0.7132751063706949,0.0,0.7216536137950171,0.0,0.6792924776064531,4.572933119960747,2011,tt0803061,0,2,비흥행,0,0,0,1,1,0,1,0,0,0,0,0,0,0,0,0,0,Red Dog,0.0,0.0,0.0,0.0,0.0,0.0,비흥행
0.6372980844734779,0.0,0.6823125227153864,0.726027397260274,0.9365265361229848,0.8913561831075748,0.7058823529411764,0.8929362960940612,0.0,0.7894658866918065,6.4995204557176445,2016,tt0803096,0,2,대흥행,1,1,0,0,0,0,0,0,1,0,0,0,0,0,0,0,0,Warcraft: L'inizio,0.0,0.0,0.0,0.0,0.0,0.0,대흥행
0.4495864389170827,0.2760649054516266,0.6283630693308655,0.7671232876712328,0.6340338780909329,0.6437860859322775,0.7058823529411764,0.7759634598529196,0.0,0.6766023640975594,5.339889347174009,2010,tt0804497,0,3,비흥행,0,0,0,0,1,0,1,0,0,0,0,0,1,0,0,0,0,5 giorni fuori,0.0,0.0,0.0,0.0,0.0,0.0,비흥행
0.4305349574899595,0.3352795160264231,0.4512959796580777,0.7397260273972603,0.5588643510936624,0.4716970062773631,0.9411764705882352,0.0,0.0,0.4787110161062234,3.9420033663892897,2010,tt0808285,0,1,비흥행,0,0,0,0,1,0,1,0,0,0,0,0,0,0,0,0,0,The Good Heart,0.0,0.0,0.0,0.0,0.0,0.0,비흥행
0.6058062140990805,0.5740364317052913,0.6412697183738902,0.7397260273972603,0.6401554207792872,0.6904908918663686,0.0,0.0,0.0,0.697694061252618,5.297667785427991,2010,tt0810784,0,2,비흥행,0,0,0,1,0,0,1,0,0,0,0,0,1,0,0,0,0,Bright Star,0.0,0.0,0.0,0.0,0.0,0.0,비흥행
0.3502734144614421,0.5374916459312191,0.8094582430475401,0.2465753424657534,0.8652661887935147,0.8281351877987316,0.0,0.0,0.0,0.8819390463174197,5.678367782143116,2012,tt0810913,0,4,일반흥행,0,0,0,0,1,0,0,0,0,0,0,0,0,0,0,0,0,Jack e Jill,0.0,0.0,0.0,0.0,0.0,0.0,일반흥행
0.5649182925023308,0.34191993400393755,0.6825137223458969,0.6575342465753424,0.7406683004241921,0.6526630083316622,0.9411764705882352,0.0,0.0,0.6979454948183234,4.9733940366256295,2012,tt0810922,0,1,비흥행,0,0,0,0,1,0,1,0,0,0,0,0,1,0,0,0,0,Take Me Home Tonight,0.0,0.0,0.0,0.0,0.0,0.0,비흥행
0.5977678345975099,0.0,0.7563876469457873,0.6027397260273972,0.883888824320157,0.8524726669293613,0.0,0.7133983491896915,0.0,0.8981294109161114,5.9708191007454685,2010,tt0814255,0,1,일반흥행,0,1,0,0,0,0,0,1,1,0,0,0,0,0,0,0,0,Percy Jackson e gli dei dell'Olimpo - Il ladro di fulmini,0.0,0.0,0.0,0.0,0.0,0.0,일반흥행
0.4774677167231594,0.2627692691446544,0.685167176148289,0.6712328767123288,0.726555903994778,0.7634632709995067,0.9411764705882352,0.0,0.0,0.8127827304885858,5.329516138310047,2010,tt0815236,0,2,비흥행,0,0,0,0,1,0,0,0,0,0,0,0,1,0,0,0,0,Lei è troppo per me,0.0,0.0,0.0,0.0,0.0,0.0,비흥행
0.6973206029156613,0.3481450464053582,0.6015100951936585,0.8356164383561644,0.7213765877069098,0.7887722028093523,0.7058823529411764,0.8523226884655016,0.0,0.841413964239336,5.733550691019852,2014,tt0816442,0,1,비흥행,0,0,0,0,0,0,1,0,0,0,0,0,0,0,0,0,0,Storia di una ladra di libri,0.0,0.0,0.0,0.0,0.0,0.0,비흥행
0.9399344569945608,0.9955739661159114,0.8204597223494966,0.9726027397260272,0.9396336898911408,0.9184859180387992,0.7058823529411764,1.0,0.7227321491829346,0.9259753155904862,7.717798321165539,2014,tt0816692,1,3,대흥행,0,1,0,0,0,0,1,0,0,0,0,0,0,1,0,0,0,Interstellar,0.5458486078116349,0.6314303184993304,1.0,2017.0,2019.0,2020.0,재개봉
0.5814846634198559,0.5953138740534628,0.8227019031592155,0.7534246575342465,0.9538790350295592,0.9035152690153304,0.7058823529411764,0.9220188832652706,0.6704145069721894,0.9212051239035334,6.817156662782668,2013,tt0816711,0,2,대흥행,1,1,0,0,0,0,0,0,0,0,1,0,0,0,0,0,0,World War Z,0.0,0.0,0.0,0.0,0.0,0.0,대흥행
0.3397479778863066,0.0,0.6641490319866139,0.8493150684931507,0.6905408192030176,0.6185708110356484,0.0,0.7480170700510089,0.0,0.5818716711113354,5.068525594695301,2010,tt0817177,1,3,비흥행,0,0,0,0,1,0,1,0,0,0,0,0,1,0,0,0,0,Il primo amore non si scorda mai,0.7594060790723229,0.0,0.0,2017.0,0.0,0.0,재개봉
0.6526620033255282,0.0,0.849959771691598,0.5753424657534247,0.8230382229716664,0.8498168018060451,0.7058823529411764,0.7133983491896915,0.0,0.8704001264493055,5.51737585811693,2010,tt0817230,0,1,일반흥행,0,0,0,0,1,0,0,0,0,0,0,0,1,0,0,0,0,Appuntamento con l'amore,0.0,0.0,0.0,0.0,0.0,0.0,일반흥행
0.5896610425331184,0.6096127366562516,0.7981024777275112,0.7123287671232876,0.8374877633867528,0.7481128031528425,0.7058823529411764,0.0,0.0,0.7685670098964195,5.375292001524823,2010,tt0821642,0,2,비흥행,0,0,0,1,0,0,1,0,0,0,0,0,0,0,0,0,1,Il solista,0.0,0.0,0.0,0.0,0.0,0.0,비흥행
0.3074553152679891,0.4799523867297509,0.5748085017795862,0.5753424657534247,0.8374877633867528,0.7900793622848802,0.7058823529411764,0.7759634598529196,0.18215527800563264,0.8224333295850363,5.654957767934038,2011,tt0822847,0,2,비흥행,1,0,0,0,0,0,0,0,0,0,1,0,0,0,0,1,0,Priest,0.0,0.0,0.0,0.0,0.0,0.0,비흥행
0.5480586963037344,0.4555010786918415,0.5704416604982363,0.7534246575342465,0.6830578015528623,0.7114991836573135,0.9411764705882352,0.0,0.0,0.6315012864389239,5.092525759369144,2010,tt0824758,1,1,비흥행,0,0,0,1,0,0,1,0,0,0,0,0,1,0,0,0,0,The Last Station,0.8131583380642495,0.0,0.0,2010.0,0.0,0.0,재개봉
0.3606838166402021,0.33178549550756103,0.6774615556206578,0.6575342465753424,0.8530530558162648,0.8499898492272887,0.7058823529411764,0.8241648206793935,0.7459130693668018,0.8835073736458197,6.069682923810687,2014,tt0829150,0,3,일반흥행,1,0,0,0,0,0,1,0,1,0,0,0,0,0,0,0,0,Dracula Untold,0.0,0.0,0.0,0.0,0.0,0.0,일반흥행
0.3502734144614421,0.5559451959856961,0.8335414575280087,0.7671232876712328,0.872657868101937,0.8794287772043959,0.0,0.8023269161089115,0.0,0.9143514733507828,5.6234070725172405,2012,tt0837562,0,3,일반흥행,0,0,1,0,1,0,0,1,0,0,0,0,0,0,0,0,0,Hotel Transylvania,0.0,0.0,0.0,0.0,0.0,0.0,일반흥행
0.4774677167231594,0.0,0.7661334893586305,0.6027397260273972,0.5759367540372737,0.5859552196961348,0.9411764705882352,0.6937072239931064,0.0,0.5928639290908709,5.179588388932643,2010,tt0838247,1,2,비흥행,0,0,0,0,0,0,1,0,0,0,0,1,0,0,0,1,0,After.Life,0.4113175621028898,0.0,0.0,2013.0,0.0,0.0,재개봉
0.6526620033255282,0.0,0.7579093402298714,0.821917808219178,0.7886739847039008,0.8298191258454993,0.9411764705882352,0.8050764103438577,0.8743462315509903,0.8641810264724988,6.179588388932644,2010,tt0840361,0,3,일반흥행,0,0,0,0,0,1,1,0,0,0,0,0,0,0,0,1,0,The Town,0.0,0.0,0.0,0.0,0.0,0.0,일반흥행
0.4956119285150282,0.6082939178061642,0.7789487380022352,0.7534246575342465,0.5505603977842133,0.7423629839029491,0.9411764705882352,0.7584795945778731,0.10427285520865018,0.7514974197598709,5.87003209473025,2011,tt0842926,1,1,비흥행,0,0,0,0,1,0,1,0,0,0,0,0,1,0,0,0,0,I ragazzi stanno bene,0.5612970204003446,0.0,0.0,2012.0,0.0,0.0,재개봉
0.7808083719514012,0.0,0.901598284554034,0.8904109589041096,0.968682251917971,0.9642658729626148,0.7058823529411764,0.9182871043859926,0.0,0.9280584860150699,7.170315922738639,2012,tt0848228,1,1,최고흥행,1,1,0,0,0,0,0,0,0,0,0,0,0,1,0,0,0,The Avengers,0.4041969678173857,0.0,0.0,2020.0,0.0,0.0,재개봉
0.4589711682089299,0.4325099584606161,0.7593153028381832,0.7123287671232876,0.8890681406080256,0.8624505920843283,0.0,0.7632296880219659,0.0,0.9231916380485188,5.292249678795932,2013,tt0848537,0,1,일반흥행,0,1,1,0,0,0,0,1,0,0,0,0,0,0,0,0,0,Epic - Il mondo segreto,0.0,0.0,0.0,0.0,0.0,0.0,일반흥행
0.5480586963037344,0.4125293042347276,0.6716216741488855,0.6301369863013697,0.5349951053547013,0.6538815432432452,0.9411764705882352,0.0,0.0,0.6205401872402164,4.94200336638929,2012,tt0857190,0,3,비흥행,1,0,0,0,0,1,1,0,0,0,0,0,0,0,0,0,0,The Sweeney,0.0,0.0,0.0,0.0,0.0,0.0,비흥행
0.3502734144614421,0.2931759268410417,0.6206650701818018,0.726027397260274,0.6340338780909329,0.6988768162429678,0.9411764705882352,0.0,0.0,0.7067004171495606,5.300364792517042,2010,tt0862846,0,1,비흥행,0,0,0,0,1,0,1,0,0,0,0,0,0,0,0,0,0,Sunshine Cleaning,0.0,0.0,0.0,0.0,0.0,0.0,비흥행
0.3606838166402021,0.3895176563531843,0.6865841033935958,0.726027397260274,0.9265865960472236,0.8640208218844457,0.0,0.7291214090022952,0.0,0.9247841807642396,5.350145672323987,2014,tt0864835,0,1,일반흥행,0,1,1,0,1,0,0,0,0,0,0,0,0,0,0,0,0,Mr. Peabody e Sherman,0.0,0.0,0.0,0.0,0.0,0.0,일반흥행
